{"acc": 0.913766086101532, "prec0": 0.9161689877510071, "prec1": 0.8790746331214905, "rec0": 0.9909406304359436, "rec1": 0.4207347631454468, "auroc": 0.9321862588945683, "auprc": 0.759490727748408, "minpse": 0.6743834927025667}